City_ID,City_Name,Region,Avg_Region_Shipping_Cost
1,Alger,North,
2,Oran,West,541.75
3,Constantine,East,488.0
4,Annaba,East,488.0
5,Ouargla,South,992.3333333333334
6,Setif,East,488.0
7,Bejaia,North,
8,Tlemcen,West,541.75
9,Biskra,South,992.3333333333334
10,Ghardaia,South,992.3333333333334
11,Guelma,East,488.0
12,Skikda,East,488.0
